Quarter,DIY,Date,Profile_name,Profile_URL,Profile_followers,Profile_ID,Post_detail_URL,Mentioned_profiles_ID,Content_ID,Content_type,Media_type,Author_URL,Author_ID,Author_name,Content,Special_day_or_not,Anniversary_or_not,Question_or_not,Use_of_Hashtag,View_on_platform,Organic_interactions,Total_interactions,Organic_interactions_per_1000_followers,Grade,Sentiment,Positive_comments,Positive_comments_percentage,Negative_comments,Negative_comments_percentage,Neutral_comments,Neutral_comments_percentage,Total_reactions,Organic_likes,Total_comments,Organic_comments,Total_shares,Saves,Engagements,Organic_reach,Total_impressions,Organic_impressions,Impressions_engagement_rate,Reach_engagement_rate,Total_likes,Video_view_count,Views_-_organic,Exits,Taps_back,Taps_forward,Completion_rate,Labels,Instagram_Video_View_Rate,Custom_Impressions_Engagement_rate_by_Engagements,Content_Type_-_Evergreen
Baseline,,06/08/2023,Disney Family UK,https://www.instagram.com/disneyfamilyuk,27285,17841401604874505,https://app.emplifi.io/379720/content/feed/detail/eyJpZCI6IjE3OTc3ODU3ODcyMzg2MzM5IiwicHJvZmlsZUlkIjoiMTc4NDE0MDE2MDQ4NzQ1MDUiLCJuZXR3b3JrIjoiaW5zdGFncmFtIn0=/overview,,17977857872386339,post,reel,https://www.instagram.com/disneyfamilyuk,17841401604874505,Disney Family UK,Will be in need of a holiday after these summer holidays 😅⁣⁣#Parenting #DisneyFamily #Cinderella,No,No,No,Yes,https://www.instagram.com/reel/CvmLN-ptRXN/,87,87,3.1885651,C,,,,,,,,87,87,0,0,4,12,103,4157,4334,4334,0.0238,0.0248,87,4334,4334,,,,,L3M 2023 The Wild Baseline;Disney-Generic;Property - Cinderella | Princess | Disney;Content Type - Evergreen,1,2.376557453,Content Type - Evergreen
Baseline,,12/08/2023,Disney Family UK,https://www.instagram.com/disneyfamilyuk,27300,17841401604874505,https://app.emplifi.io/379720/content/feed/detail/eyJpZCI6IjE3ODQzMDk0MDYwMDQ3OTcxIiwicHJvZmlsZUlkIjoiMTc4NDE0MDE2MDQ4NzQ1MDUiLCJuZXR3b3JrIjoiaW5zdGFncmFtIn0=/overview,,17843094060047971,post,photo,https://www.instagram.com/disneyfamilyuk,17841401604874505,Disney Family UK,Summer holidays 🤝 finding increasingly creative ways to keep the fam entertained 😅⁣⁣What activities do you have lined up this week?,No,No,Yes,No,https://www.instagram.com/p/Cv18kybNjb0/,28,28,1.025641,D,,,,,,,,28,28,0,0,,1,30,929,987,987,0.0304,0.0323,28,,,,,,,L3M 2023 The Wild Baseline;Disney-Generic;The Wild Baseline;Content Type - Evergreen;Property - Bluey | Disney Junior | Disney,,3.039513678,Content Type - Evergreen
Baseline,,14/08/2023,Disney Family UK,https://www.instagram.com/disneyfamilyuk,27299,17841401604874505,https://app.emplifi.io/379720/content/feed/detail/eyJpZCI6IjE4MDAwMzA4OTk4OTk3MTQxIiwicHJvZmlsZUlkIjoiMTc4NDE0MDE2MDQ4NzQ1MDUiLCJuZXR3b3JrIjoiaW5zdGFncmFtIn0=/overview,,18000308998997141,post,photo,https://www.instagram.com/disneyfamilyuk,17841401604874505,Disney Family UK,"If you keep telling yourself it’s not there, it might disappear 😆",No,No,No,No,https://www.instagram.com/p/Cv6xkW8OoPJ/,37,37,1.355361,D,,,,,,,,37,37,0,0,,1,39,2057,2118,2118,0.0184,0.019,37,,,,,,,L3M 2023 The Wild Baseline;Disney-Generic;Content Type - Evergreen;Property - Snow White (1937) | Princess | Disney,,1.841359773,Content Type - Evergreen
Baseline,,16/08/2023,Disney Family UK,https://www.instagram.com/disneyfamilyuk,27302,17841401604874505,https://app.emplifi.io/379720/content/feed/detail/eyJpZCI6IjE3OTc4NjA0MzU5NDU0NDM0IiwicHJvZmlsZUlkIjoiMTc4NDE0MDE2MDQ4NzQ1MDUiLCJuZXR3b3JrIjoiaW5zdGFncmFtIn0=/overview,,17978604359454434,post,photo,https://www.instagram.com/disneyfamilyuk,17841401604874505,Disney Family UK,Actual bliss 😌,No,No,No,No,https://www.instagram.com/p/CwAx-WARE9F/,56,56,2.0511318,D,no sentiment,1,1,0,0,0,0,55,55,1,1,,3,60,1436,1531,1531,0.0392,0.0418,55,,,,,,,L3M 2023 The Wild Baseline;Disney-Generic;The Wild Baseline;Property - Ratatouille | Walt Disney Studios | Pixar;Content Type - Evergreen,,3.919007185,Content Type - Evergreen
Baseline,,19/08/2023,Disney Family UK,https://www.instagram.com/disneyfamilyuk,27302,17841401604874505,https://app.emplifi.io/379720/content/feed/detail/eyJpZCI6IjE4MDEzNDQ0MDk2Njc0NTIxIiwicHJvZmlsZUlkIjoiMTc4NDE0MDE2MDQ4NzQ1MDUiLCJuZXR3b3JrIjoiaW5zdGFncmFtIn0=/overview,,18013444096674521,post,reel,https://www.instagram.com/disneyfamilyuk,17841401604874505,Disney Family UK,Just when you've got rid of last year's sand 🫠,No,No,No,No,https://www.instagram.com/reel/CwHmHdTt_7H/,123,123,4.5051645,B,,,,,,,,123,123,0,0,2,7,132,5207,5295,5295,0.0249,0.0254,123,5295,5295,,,,,L3M 2023 The Wild Baseline;Disney-Generic;Content Type - Evergreen,1,2.492917847,Content Type - Evergreen
Baseline,,22/08/2023,Disney Family UK,https://www.instagram.com/disneyfamilyuk,27302,17841401604874505,https://app.emplifi.io/379720/content/feed/detail/eyJpZCI6IjE4MDI3MTQ2NjIzNTkzMTYzIiwicHJvZmlsZUlkIjoiMTc4NDE0MDE2MDQ4NzQ1MDUiLCJuZXR3b3JrIjoiaW5zdGFncmFtIn0=/overview,,18027146623593163,post,carousel,https://www.instagram.com/disneyfamilyuk,17841401604874505,Disney Family UK,Happy #WorldPrincessWeek! 👑⁣⁣Who is your little (or not so little!) one most obsessed with?,No,No,Yes,Yes,https://www.instagram.com/p/CwPX7jssZRA/,69,69,2.5272874,C,no sentiment,2,1,0,0,0,0,67,67,2,2,,10,96,1512,1897,1897,0.0506,0.0635,67,,,,,,,L3M 2023 The Wild Baseline;Disney-Generic;The Wild Baseline;Content Type - Evergreen;Campaign - World Princess Week 2023,,5.060622035,Content Type - Evergreen
Baseline,,27/08/2023,Disney Family UK,https://www.instagram.com/disneyfamilyuk,27316,17841401604874505,https://app.emplifi.io/379720/content/feed/detail/eyJpZCI6IjE4MDIzMDU3NTIxNzIyMzY4IiwicHJvZmlsZUlkIjoiMTc4NDE0MDE2MDQ4NzQ1MDUiLCJuZXR3b3JrIjoiaW5zdGFncmFtIn0=/overview,,18023057521722368,post,photo,https://www.instagram.com/disneyfamilyuk,17841401604874505,Disney Family UK,The best kind of Sunday blues 💙⁣,No,No,No,No,https://www.instagram.com/p/CwchENLxSZy/,26,26,0.9518231,D,,,,,,,,26,26,0,0,,2,28,1021,1077,1077,0.026,0.0274,26,,,,,,,L3M 2023 The Wild Baseline;Disney-Generic;Content Type - Evergreen,,2.599814299,Content Type - Evergreen
Baseline,,28/08/2023,Disney Family UK,https://www.instagram.com/disneyfamilyuk,27322,17841401604874505,https://app.emplifi.io/379720/content/feed/detail/eyJpZCI6IjE4MjIyNzE0NjM3MjQzNTMwIiwicHJvZmlsZUlkIjoiMTc4NDE0MDE2MDQ4NzQ1MDUiLCJuZXR3b3JrIjoiaW5zdGFncmFtIn0=/overview,,18222714637243530,post,photo,https://www.instagram.com/disneyfamilyuk,17841401604874505,Disney Family UK,No more than 5 rounds of 'I spy' please 🙏,No,No,No,No,https://www.instagram.com/p/CwexQ0yLkc2/,54,54,1.9764293,D,,,,,,,,54,54,0,0,,2,57,2025,2087,2087,0.0273,0.0281,54,,,,,,,L3M 2023 The Wild Baseline;Disney-Generic;Content Type - Evergreen,,2.7311931,Content Type - Evergreen
Baseline,,03/09/2023,Disney Family UK,https://www.instagram.com/disneyfamilyuk,27371,17841401604874505,https://app.emplifi.io/379720/content/feed/detail/eyJpZCI6IjE4MDIyNjcyODUyNjQzNTQyIiwicHJvZmlsZUlkIjoiMTc4NDE0MDE2MDQ4NzQ1MDUiLCJuZXR3b3JrIjoiaW5zdGFncmFtIn0=/overview,,18022672852643542,post,photo,https://www.instagram.com/disneyfamilyuk,17841401604874505,Disney Family UK,Abstract art at its finest!,No,No,No,No,https://www.instagram.com/p/CwuRdnVRU2O/,66,66,2.4113112,C,no sentiment,1,1,0,0,0,0,65,65,1,1,,3,70,2525,2681,2681,0.0261,0.0277,65,,,,,,,L3M 2023 The Wild Baseline;Disney-Generic;Content Type - Evergreen,,2.610966057,Content Type - Evergreen
Baseline,,04/09/2023,Disney Family UK,https://www.instagram.com/disneyfamilyuk,27378,17841401604874505,https://app.emplifi.io/379720/content/feed/detail/eyJpZCI6IjE3ODk3ODMxNTAxODUwNTQ1IiwicHJvZmlsZUlkIjoiMTc4NDE0MDE2MDQ4NzQ1MDUiLCJuZXR3b3JrIjoiaW5zdGFncmFtIn0=/overview,,17897831501850545,post,reel,https://www.instagram.com/disneyfamilyuk,17841401604874505,Disney Family UK,It's that time again.... 🥹⁣⁣Is your little (getting bigger) one heading off to school today?,No,No,Yes,No,https://www.instagram.com/reel/Cwwy1QAMvKH/,78,78,2.8490028,C,,,,,,,,78,78,0,0,0,7,85,1721,1753,1753,0.0485,0.0494,78,1753,1753,,,,,L3M 2023 The Wild Baseline;Disney-Generic;The Wild Baseline;Content Type - Evergreen,1,4.848830576,Content Type - Evergreen
Baseline,,18/09/2023,Disney Family UK,https://www.instagram.com/disneyfamilyuk,27524,17841401604874505,https://app.emplifi.io/379720/content/feed/detail/eyJpZCI6IjE4MjM2Nzc3NjAyMjA4MzA5IiwicHJvZmlsZUlkIjoiMTc4NDE0MDE2MDQ4NzQ1MDUiLCJuZXR3b3JrIjoiaW5zdGFncmFtIn0=/overview,,18236777602208309,post,photo,https://www.instagram.com/disneyfamilyuk,17841401604874505,Disney Family UK,Sighs in 'please eat your vegetables' 🥲⁣⁣What's the one food your little (or not so little) one can never get enough of?,No,No,Yes,No,https://www.instagram.com/p/CxU185ARvtr/,81,81,2.9428862,B,no sentiment,2,0.67,0,0,1,0.33,78,78,3,3,,4,82,2313,2388,2388,0.0343,0.0355,78,,,,,,,L3M 2023 The Wild Baseline;Disney-Generic;The Wild Baseline;Content Type - Evergreen,,3.433835846,Content Type - Evergreen
Baseline,,19/09/2023,Disney Family UK,https://www.instagram.com/disneyfamilyuk,27536,17841401604874505,https://app.emplifi.io/379720/content/feed/detail/eyJpZCI6IjE3ODk0ODMzMzczODkxMjE5IiwicHJvZmlsZUlkIjoiMTc4NDE0MDE2MDQ4NzQ1MDUiLCJuZXR3b3JrIjoiaW5zdGFncmFtIn0=/overview,,17894833373891219,post,photo,https://www.instagram.com/disneyfamilyuk,17841401604874505,Disney Family UK,In need of a fairy godmother to make all their lost property reappear 😅,No,No,No,No,https://www.instagram.com/p/CxXyyK0M5Xj/,60,60,2.1789657,D,,,,,,,,60,60,0,0,,6,69,2851,2928,2928,0.0236,0.0242,60,,,,,,,L3M 2023 The Wild Baseline;Disney-Generic;Content Type - Evergreen,,2.356557377,Content Type - Evergreen
Baseline,,01/10/2023,Disney Family UK,https://www.instagram.com/disneyfamilyuk,27740,17841401604874505,https://app.emplifi.io/379720/content/feed/detail/eyJpZCI6IjE3OTczMjgxMzMwNTc3NjgxIiwicHJvZmlsZUlkIjoiMTc4NDE0MDE2MDQ4NzQ1MDUiLCJuZXR3b3JrIjoiaW5zdGFncmFtIn0=/overview,17841408147388557,17973281330577681,post,reel,https://www.instagram.com/disneyfamilyuk,17841401604874505,Disney Family UK,“Nothing’s more important than family” ✨Happy #GrandparentsDay ❤️ 📺 Enjoy all of these and more on @disneyplusuk,Yes,No,No,Yes,https://www.instagram.com/reel/Cx2YpbAL2rf/,727,727,26.2076424,A,no sentiment,3,1,0,0,0,0,724,724,3,3,6,39,772,15993,17074,17074,0.0452,0.0483,724,17074,17074,,,,,Extra-Evergreen;Disney-Generic;LOB - Disney+,1,4.52149467,Extra-Evergreen
Baseline,,02/10/2023,Disney Family UK,https://www.instagram.com/disneyfamilyuk,27736,17841401604874505,https://app.emplifi.io/379720/content/feed/detail/eyJpZCI6IjE3ODk2MTQxMjY1ODgzNTExIiwicHJvZmlsZUlkIjoiMTc4NDE0MDE2MDQ4NzQ1MDUiLCJuZXR3b3JrIjoiaW5zdGFncmFtIn0=/overview,,17896141265883511,post,reel,https://www.instagram.com/disneyfamilyuk,17841401604874505,Disney Family UK,"""Not the mama"" 😂⁣⁣Who remembers growing up with #Dinosaurs?",No,No,Yes,Yes,https://www.instagram.com/reel/Cx5RIHHNjPO/,129,129,4.6509951,B,no sentiment,0,0,0,0,1,1,128,128,1,1,4,18,152,4478,4992,4992,0.0304,0.0339,128,4992,4992,,,,,L3M 2023 The Wild Baseline;Disney-Generic;The Wild Baseline;Content Type - Evergreen,1,3.044871795,Content Type - Evergreen
Baseline,,05/10/2023,Disney Family UK,https://www.instagram.com/disneyfamilyuk,27797,17841401604874505,https://app.emplifi.io/379720/content/feed/detail/eyJpZCI6IjE4MTAxMDUyNzQ4MzUwODYyIiwicHJvZmlsZUlkIjoiMTc4NDE0MDE2MDQ4NzQ1MDUiLCJuZXR3b3JrIjoiaW5zdGFncmFtIn0=/overview,17841408147388557,18101052748350862,post,reel,https://www.instagram.com/disneyfamilyuk,17841401604874505,Disney Family UK,Peace and quiet? Don't know her 🥲⁣⁣Catch Frozen on @disneyplusuk,No,No,Yes,No,https://www.instagram.com/reel/CyBjTFDBqE6/,52,52,1.8707055,D,,,,,,,,52,52,0,0,0,5,57,2304,2346,2346,0.0243,0.0247,52,2346,2346,,,,,Extra-Evergreen;Disney-Generic;LOB - Disney+,1,2.429667519,Extra-Evergreen
Baseline,,07/10/2023,Disney Family UK,https://www.instagram.com/disneyfamilyuk,27802,17841401604874505,https://app.emplifi.io/379720/content/feed/detail/eyJpZCI6IjE3OTMwNjgyNzA0NzY2ODIzIiwicHJvZmlsZUlkIjoiMTc4NDE0MDE2MDQ4NzQ1MDUiLCJuZXR3b3JrIjoiaW5zdGFncmFtIn0=/overview,,17930682704766823,post,photo,https://www.instagram.com/disneyfamilyuk,17841401604874505,Disney Family UK,Who's braving it this weekend? 😅 ⁣⁣#ParentingMemes #ParentingLife #DisneyFamily,No,No,Yes,Yes,https://www.instagram.com/p/CyGJF0DsJkJ/,61,61,2.1940868,D,no sentiment,0,0,0,0,2,1,59,59,2,2,,3,65,3726,3752,3752,0.0173,0.0174,59,,,,,,,L3M 2023 The Wild Baseline;Disney-Generic;Content Type - Evergreen,,1.732409382,Content Type - Evergreen
Baseline,,10/10/2023,Disney Family UK,https://www.instagram.com/disneyfamilyuk,27830,17841401604874505,https://app.emplifi.io/379720/content/feed/detail/eyJpZCI6IjE4MDA4MDYxODUzOTc0NzI1IiwicHJvZmlsZUlkIjoiMTc4NDE0MDE2MDQ4NzQ1MDUiLCJuZXR3b3JrIjoiaW5zdGFncmFtIn0=/overview,,18008061853974725,post,carousel,https://www.instagram.com/disneyfamilyuk,17841401604874505,Disney Family UK,Can you believe it’s been 20 years since Finding Nemo first swam onto screens in the UK?! 🤯🐠,No,No,Yes,No,https://www.instagram.com/p/CyN3erlNCho/,136,136,4.8868128,B,no sentiment,1,0.5,0,0,1,0.5,134,134,2,2,,9,147,2276,2727,2727,0.0539,0.0646,134,,,,,,,L3M 2023 The Wild Baseline;Disney-Generic;The Wild Baseline;Content Type - Evergreen,,5.390539054,Content Type - Evergreen
Baseline,,11/10/2023,Disney Family UK,https://www.instagram.com/disneyfamilyuk,27846,17841401604874505,https://app.emplifi.io/379720/content/feed/detail/eyJpZCI6IjE3OTcyMjQ1NDM2NDUyNDQ0IiwicHJvZmlsZUlkIjoiMTc4NDE0MDE2MDQ4NzQ1MDUiLCJuZXR3b3JrIjoiaW5zdGFncmFtIn0=/overview,,17972245436452444,post,photo,https://www.instagram.com/disneyfamilyuk,17841401604874505,Disney Family UK,Which Disney film came out the year your little (or not so little) one was born? 🤔,No,No,Yes,No,https://www.instagram.com/p/CyQeSorNo0s/,244,244,8.7624794,A,positive,15,0.52,1,0.03,13,0.45,215,215,29,29,,24,270,6645,7024,7024,0.0384,0.0406,215,,,,,,,L3M 2023 The Wild Baseline;Disney-Generic;The Wild Baseline;Content Type - Evergreen,,3.843963554,Content Type - Evergreen
Baseline,,18/10/2023,Disney Family UK,https://www.instagram.com/disneyfamilyuk,,17841401604874505,https://app.emplifi.io/379720/content/feed/detail/eyJpZCI6IjE4MDAwNTQxMzM0MTc3NDQ3IiwicHJvZmlsZUlkIjoiMTc4NDE0MDE2MDQ4NzQ1MDUiLCJuZXR3b3JrIjoiaW5zdGFncmFtIn0=/overview,,18000541334177447,story,photo,https://www.instagram.com/disneyfamilyuk,17841401604874505,Disney Family UK,,No,No,No,No,,,,,,,,,,,,,,,0,,,,0,390,395,395,0,0,,,,41,6,303,0.1139,Extra-Evergreen;Disney-Generic,0,0,Extra-Evergreen
Baseline,,21/10/2023,Disney Family UK,https://www.instagram.com/disneyfamilyuk,28093,17841401604874505,https://app.emplifi.io/379720/content/feed/detail/eyJpZCI6IjE3ODU5NTM5NzUxMDQwMjI2IiwicHJvZmlsZUlkIjoiMTc4NDE0MDE2MDQ4NzQ1MDUiLCJuZXR3b3JrIjoiaW5zdGFncmFtIn0=/overview,,17859539751040226,post,photo,https://www.instagram.com/disneyfamilyuk,17841401604874505,Disney Family UK,When they think they look petrifying but really they've just got a sheet over their head 😅⁣⁣What does your little (or not so little) one want to dress up as for Halloween?,No,No,Yes,No,https://www.instagram.com/p/CyqrHgehp28/,89,89,3.168049,C,no sentiment,1,1,0,0,0,0,88,88,1,1,,7,97,1789,1971,1971,0.0492,0.0542,88,,,,,,,L3M 2023 The Wild Baseline;Disney-Generic;The Wild Baseline;Content Type - Evergreen;Property - Winnie The Pooh | Winnie The Pooh | Disney,,4.921359716,Content Type - Evergreen
Baseline,,22/10/2023,Disney Family UK,https://www.instagram.com/disneyfamilyuk,28102,17841401604874505,https://app.emplifi.io/379720/content/feed/detail/eyJpZCI6IjE3ODg1NjExODM4OTQ2NDgzIiwicHJvZmlsZUlkIjoiMTc4NDE0MDE2MDQ4NzQ1MDUiLCJuZXR3b3JrIjoiaW5zdGFncmFtIn0=/overview,,17885611838946483,post,photo,https://www.instagram.com/disneyfamilyuk,17841401604874505,Disney Family UK,The wonderful thing about little ones 😂,No,No,No,No,https://www.instagram.com/p/CysxA9WRaVo/,29,29,1.031955,D,,,,,,,,29,29,0,0,,2,29,1322,1411,1411,0.0206,0.0219,29,,,,,,,L3M 2023 The Wild Baseline;Disney-Generic;Content Type - Evergreen,,2.055279943,Content Type - Evergreen
Baseline,,26/10/2023,Disney Family UK,https://www.instagram.com/disneyfamilyuk,28170,17841401604874505,https://app.emplifi.io/379720/content/feed/detail/eyJpZCI6IjE3OTQwNTc2NzMxNzI2MjAzIiwicHJvZmlsZUlkIjoiMTc4NDE0MDE2MDQ4NzQ1MDUiLCJuZXR3b3JrIjoiaW5zdGFncmFtIn0=/overview,,17940576731726203,post,reel,https://www.instagram.com/disneyfamilyuk,17841401604874505,Disney Family UK,Friends are the family you choose ❤️✨#Disney100 #DisneyFamily,No,No,No,Yes,https://www.instagram.com/reel/Cy3FcYgLBYX/,125,125,4.4373447,C,no sentiment,1,1,0,0,0,0,124,124,1,1,2,10,137,2228,2203,2203,0.0622,0.0615,124,2203,2203,,,,,Extra-Evergreen;Disney-Generic;Campaign - D100,1,6.218792556,Extra-Evergreen
Baseline,,28/10/2023,Disney Family UK,https://www.instagram.com/disneyfamilyuk,28178,17841401604874505,https://app.emplifi.io/379720/content/feed/detail/eyJpZCI6IjE3OTY0OTE3NjgxNjQxNzI5IiwicHJvZmlsZUlkIjoiMTc4NDE0MDE2MDQ4NzQ1MDUiLCJuZXR3b3JrIjoiaW5zdGFncmFtIn0=/overview,,17964917681641729,post,reel,https://www.instagram.com/disneyfamilyuk,17841401604874505,Disney Family UK,Looking for a spooktacular activity to do with your little one this weekend? Check out this fun and easy Halloween craft 🎃🤩⁣⁣#DisneyHalloween #DisneyPumpkin #DisneyCrafts,No,No,Yes,Yes,https://www.instagram.com/reel/Cy710E7s0a1/,158,158,5.6072113,B,strongly positive,8,0.73,0,0,3,0.27,147,147,11,11,1,49,208,7654,7701,7701,0.027,0.0272,147,7701,7701,,,,,L3M 2023 The Wild Baseline;Disney-Generic;Content Type - Evergreen,1,2.700947929,Content Type - Evergreen
Baseline,,31/10/2023,Disney Family UK,https://www.instagram.com/disneyfamilyuk,28203,17841401604874505,https://app.emplifi.io/379720/content/feed/detail/eyJpZCI6IjE4MjcyNTgwOTk0MDg0MjM4IiwicHJvZmlsZUlkIjoiMTc4NDE0MDE2MDQ4NzQ1MDUiLCJuZXR3b3JrIjoiaW5zdGFncmFtIn0=/overview,,18272580994084238,post,reel,https://www.instagram.com/disneyfamilyuk,17841401604874505,Disney Family UK,"Happy Halloween! 🎃⁣⁣Sharing is caring, right? 😉🍬",No,No,Yes,No,https://www.instagram.com/reel/CzDucMbN_rc/,43,43,1.5246605,D,no sentiment,3,1,0,0,0,0,40,40,3,3,0,3,46,2164,2173,2173,0.0212,0.0213,40,2173,2173,,,,,L3M 2023 The Wild Baseline;Disney-Generic;Content Type - Evergreen,1,2.116889093,Content Type - Evergreen
Wild Q1,,06/12/2023,Disney Family UK,https://www.instagram.com/disneyfamilyuk,28950,17841401604874505,https://app.emplifi.io/379720/content/feed/detail/eyJpZCI6IjE4MDQwNDE2Nzk2NTMxMzg4IiwicHJvZmlsZUlkIjoiMTc4NDE0MDE2MDQ4NzQ1MDUiLCJuZXR3b3JrIjoiaW5zdGFncmFtIn0=/overview,,18040416796531388,post,carousel,https://www.instagram.com/disneyfamilyuk,17841401604874505,Disney Family UK,Happy 10th anniversary to our Frozen family ❄️ ⁣⁣#DisneyFrozen #Frozen10,No,No,No,Yes,https://www.instagram.com/p/C0hOj3VxLoA/,111,111,3.8341969,C,no sentiment,2,0.5,0,0,2,0.5,107,107,4,4,,6,119,2678,3075,3075,0.0387,0.0444,107,,,,,,,Disney-Generic;Campaign - Frozen 10;Content Creator - The Wild,,3.869918699,Content Creator - The Wild
Wild Q1,DIY,16/12/2023,Disney Family UK,https://www.instagram.com/disneyfamilyuk,28964,17841401604874505,https://app.emplifi.io/379720/content/feed/detail/eyJpZCI6IjE3OTY0NTE5NjcxNTM1NzAyIiwicHJvZmlsZUlkIjoiMTc4NDE0MDE2MDQ4NzQ1MDUiLCJuZXR3b3JrIjoiaW5zdGFncmFtIn0=/overview,,17964519671535702,post,reel,https://www.instagram.com/disneyfamilyuk,17841401604874505,Disney Family UK,"A quick, cute and easy way to add a dash of Disney magic to your Christmas tree 💫🎄⁣⁣#DIY #DIYKids #DisneyDIY #DisneyFamily #BaubleTutorial",No,No,No,Yes,https://www.instagram.com/reel/C06OduKsRpv/,41,41,1.4155503,D,no sentiment,3,1,0,0,0,0,38,38,3,3,0,1,42,1902,1950,1950,0.0215,0.0221,38,1950,1950,,,,,Disney-Generic;Content Creator - The Wild [DDIY];Content Creator - The Wild,1,2.153846154,Content Creator - The Wild
Wild Q1,,20/12/2023,Disney Family UK,https://www.instagram.com/disneyfamilyuk,28967,17841401604874505,https://app.emplifi.io/379720/content/feed/detail/eyJpZCI6IjE4MjA2MTMyNzk3Mjg1MzAxIiwicHJvZmlsZUlkIjoiMTc4NDE0MDE2MDQ4NzQ1MDUiLCJuZXR3b3JrIjoiaW5zdGFncmFtIn0=/overview,,18206132797285301,post,reel,https://www.instagram.com/disneyfamilyuk,17841401604874505,Disney Family UK,Today’s ‘to-do’ list... 📝🎄 ⁣⁣What are you watching? 👇⁣⁣#ChristmasMovies #DisneyChristmasMovies #DisneyMovies #MovieRecommendations,No,No,Yes,Yes,https://www.instagram.com/reel/C1EeMRaJ46_/,169,169,5.8342252,B,no sentiment,1,1,0,0,0,0,168,168,1,1,1,33,203,6525,6434,6434,0.0316,0.0311,168,6434,6434,,,,,Disney-Generic;LOB - Disney+;Content Creator - The Wild,1,3.15511346,Content Creator - The Wild
Wild Q1,DIY,20/12/2023,Disney Family UK,https://www.instagram.com/disneyfamilyuk,28968,17841401604874505,https://app.emplifi.io/379720/content/feed/detail/eyJpZCI6IjE4MDM0NDM4NzM1NzI5ODY4IiwicHJvZmlsZUlkIjoiMTc4NDE0MDE2MDQ4NzQ1MDUiLCJuZXR3b3JrIjoiaW5zdGFncmFtIn0=/overview,,18034438735729868,post,reel,https://www.instagram.com/disneyfamilyuk,17841401604874505,Disney Family UK,Easy Christmas tree addition for the holidays? Olaf has you covered ☃️✅⁣⁣#Olaf #Frozen #DIY #ChristmasDIY #DisneyDIY,No,No,Yes,Yes,https://www.instagram.com/reel/C1FK28StBZh/,50,50,1.7260425,D,no sentiment,2,1,0,0,0,0,47,47,3,3,0,5,55,2819,2795,2795,0.0197,0.0195,47,2795,2795,,,,,Disney-Generic;Content Creator - The Wild [DDIY];Content Creator - The Wild,1,1.967799642,Content Creator - The Wild
Wild Q1,DIY,22/12/2023,Disney Family UK,https://www.instagram.com/disneyfamilyuk,28967,17841401604874505,https://app.emplifi.io/379720/content/feed/detail/eyJpZCI6IjE3OTkxNjIzMTY1Mjg0MjkzIiwicHJvZmlsZUlkIjoiMTc4NDE0MDE2MDQ4NzQ1MDUiLCJuZXR3b3JrIjoiaW5zdGFncmFtIn0=/overview,,17991623165284293,post,reel,https://www.instagram.com/disneyfamilyuk,17841401604874505,Disney Family UK,Need a little extra help making Christmas dinner this year? 🐭👨‍🍳⁣⁣#Ratatouille #RemyRatatouille #DIY #ChristmasDIY #EasyDIY,No,No,Yes,Yes,https://www.instagram.com/reel/C1JkXWUsXxw/,65,65,2.2439328,D,no sentiment,1,0.33,0,0,2,0.67,62,62,3,3,1,9,75,4365,4379,4379,0.0171,0.0172,62,4379,4379,,,,,Disney-Generic;Content Creator - The Wild [DDIY];Content Creator - The Wild,1,1.712719799,Content Creator - The Wild
Wild Q1,DIY,23/12/2023,Disney Family UK,https://www.instagram.com/disneyfamilyuk,28963,17841401604874505,https://app.emplifi.io/379720/content/feed/detail/eyJpZCI6IjE4MjE3Mzg4NDQwMjYxODIxIiwicHJvZmlsZUlkIjoiMTc4NDE0MDE2MDQ4NzQ1MDUiLCJuZXR3b3JrIjoiaW5zdGFncmFtIn0=/overview,,18217388440261821,post,reel,https://www.instagram.com/disneyfamilyuk,17841401604874505,Disney Family UK,A Star decoration for your home or an easy activity with the little ones? Count us in for some Wish magic ⭐⁣⁣#DisneyWish #WishFilm #DIY #DisneyDIY,No,No,Yes,Yes,https://www.instagram.com/reel/C1MJKuJMnU-/,41,41,1.4155992,D,,,,,,,,41,41,0,0,0,7,48,1728,1797,1797,0.0267,0.0278,41,1797,1797,,,,,Disney-Generic;Content Creator - The Wild [DDIY];Content Creator - The Wild;Content Type - Evergreen;Property - Wish | Walt Disney Studios | Disney,1,2.671118531,Content Creator - The Wild
Wild Q1,,28/12/2023,Disney Family UK,https://www.instagram.com/disneyfamilyuk,28960,17841401604874505,https://app.emplifi.io/379720/content/feed/detail/eyJpZCI6IjE4MjIyMTgzODQ0MjY3MTQzIiwicHJvZmlsZUlkIjoiMTc4NDE0MDE2MDQ4NzQ1MDUiLCJuZXR3b3JrIjoiaW5zdGFncmFtIn0=/overview,17841408147388557,18222183844267143,post,reel,https://www.instagram.com/disneyfamilyuk,17841401604874505,Disney Family UK,We all need a Cinderella ‘glow up’ every once in a while ✨⁣⁣Watch Cinderella on @disneyplusuk 💎⁣⁣#RelatableMeme #DisneyMeme #ParentMeme #FamilyMeme,No,No,No,Yes,https://www.instagram.com/reel/C1Z0nNmtDHv/,107,107,3.6947514,C,no sentiment,3,1,0,0,0,0,104,104,3,3,2,4,113,5120,5011,5011,0.0226,0.0221,104,5011,5011,,,,,Disney-Generic;LOB - Disney+;Content Creator - The Wild;Content Type - Evergreen,1,2.255038914,Content Creator - The Wild
Wild Q1,,02/01/2024,Disney Family UK,https://www.instagram.com/disneyfamilyuk,28948,17841401604874505,https://app.emplifi.io/379720/content/feed/detail/eyJpZCI6IjE4MDE0NjcwNzczMDg3MDk0IiwicHJvZmlsZUlkIjoiMTc4NDE0MDE2MDQ4NzQ1MDUiLCJuZXR3b3JrIjoiaW5zdGFncmFtIn0=/overview,,18014670773087094,post,photo,https://www.instagram.com/disneyfamilyuk,17841401604874505,Disney Family UK,"Sometimes, as a parent, you need a little positivity in your day ✨💙 ⁣⁣#InspirationalQuotes #DisneyQuotes #WaltDisney #ParentQuotes",No,No,No,Yes,https://www.instagram.com/p/C1mNryEuxfX/,67,67,2.314495,C,no sentiment,2,1,0,0,0,0,65,65,2,2,,0,69,1418,1510,1510,0.0457,0.0487,65,,,,,,,Disney-Generic;Content Creator - The Wild;Content Type - Evergreen;Q1 The Wild,,4.569536424,Content Creator - The Wild
Wild Q1,,04/01/2024,Disney Family UK,https://www.instagram.com/disneyfamilyuk,28942,17841401604874505,https://app.emplifi.io/379720/content/feed/detail/eyJpZCI6IjE4Mjk3OTY4OTA1MTc4MDc4IiwicHJvZmlsZUlkIjoiMTc4NDE0MDE2MDQ4NzQ1MDUiLCJuZXR3b3JrIjoiaW5zdGFncmFtIn0=/overview,,18297968905178078,post,reel,https://www.instagram.com/disneyfamilyuk,17841401604874505,Disney Family UK,The only work out you will need this year ✌️😂⁣⁣📹: @rachyrooandhercrew ⁣#DisneyWorld #DisneyFamily #Disneyland #DisneyParents #NewYearsResolution,No,No,No,Yes,https://www.instagram.com/reel/C1r2LP5sNmt/,472,472,16.308479,A,positive,12,0.48,1,0.04,12,0.48,447,447,25,25,11,37,521,12835,12871,12871,0.0405,0.0406,447,12871,12871,,,,,Disney-Generic;Content Creator - The Wild,1,4.047859529,Content Creator - The Wild
Wild Q1,,08/01/2024,Disney Family UK,https://www.instagram.com/disneyfamilyuk,28995,17841401604874505,https://app.emplifi.io/379720/content/feed/detail/eyJpZCI6IjE4NDA2NzI5MzE4MDQ2MTQ5IiwicHJvZmlsZUlkIjoiMTc4NDE0MDE2MDQ4NzQ1MDUiLCJuZXR3b3JrIjoiaW5zdGFncmFtIn0=/overview,,18406729318046149,post,photo,https://www.instagram.com/disneyfamilyuk,17841401604874505,Disney Family UK,"Dreaming of a trip to Disneyland Paris? ✨ ⁣⁣🏰 Starting today, gather your fam for the enchanting Disney Symphony of Colours at Sleeping Beauty Castle. Watch as the night sky transforms into a vibrant palette with the heart-warming Disney Electrical Sky Parade⁣⁣🚀 Nostalgia blends seamlessly with the new as up to 500 illuminated drones parade beloved Disney floats - Mickey Mouse, Elliott the dragon, Cinderella’s carriage. The remixed electro-syntho-magnetic music creates a magical tempo for this spectacular festival of night-time joy⁣⁣🎶 Join us on this extraordinary family-friendly event—a magical journey through Disney history that will create lasting memories for all generations! Experience until 30th September 2024 ✨👨‍👩‍👧‍👦 ⁣⁣#DisneySymphonyOfColours #ElectricalSkyParade #DisneyMagic #DisneylandParis #DisneyParksUK #DisneyUKNews",No,No,Yes,Yes,https://www.instagram.com/p/C11IHzGgHaI/,162,162,5.5871702,B,no sentiment,1,0.5,0,0,1,0.5,160,160,2,2,,9,175,4331,4331,4331,0.0404,0.0404,160,,,,,,,Disney-Generic;Property - Symphony of Colours | Disneyland Paris;Content Creator - The Wild;LOB - DDI,,4.040637266,Content Creator - The Wild
Wild Q1,,09/01/2024,Disney Family UK,https://www.instagram.com/disneyfamilyuk,29002,17841401604874505,https://app.emplifi.io/379720/content/feed/detail/eyJpZCI6IjE4MDA5MTIzNjE0MzIzMTA2IiwicHJvZmlsZUlkIjoiMTc4NDE0MDE2MDQ4NzQ1MDUiLCJuZXR3b3JrIjoiaW5zdGFncmFtIn0=/overview,17841408147388557,18009123614323106,post,reel,https://www.instagram.com/disneyfamilyuk,17841401604874505,Disney Family UK,This scene hits different as a parent 🥹⁣⁣Watch now on @DisneyPlusUK ⁣⁣#DisneyTangled #Rapunzel,No,No,No,Yes,https://www.instagram.com/reel/C14wEhlt4Hp/,121,121,4.1721261,B,no sentiment,3,1,0,0,0,0,117,117,4,4,0,11,132,3030,2907,2907,0.0454,0.0436,117,2907,2907,,,,,Disney-Generic;LOB - Disney+;Content Creator - The Wild;Content Type - Evergreen,1,4.540763674,Content Creator - The Wild
Wild Q1,,09/01/2024,Disney Family UK,https://www.instagram.com/disneyfamilyuk,,17841401604874505,https://app.emplifi.io/379720/content/feed/detail/eyJpZCI6IjE4MDQ1ODYyMjY0NjA0NzYxIiwicHJvZmlsZUlkIjoiMTc4NDE0MDE2MDQ4NzQ1MDUiLCJuZXR3b3JrIjoiaW5zdGFncmFtIn0=/overview,17841408147388557,18045862264604761,post,reel,https://www.instagram.com/disneyfamilyuk,17841401604874505,Disney Family UK,This scene hits different as a parent 🥹⁣⁣Watch now on DisneyPlusUK ⁣⁣#DisneyTangled #Rapunzel,No,No,No,Yes,https://www.instagram.com/reel/C14qugHNSiB/,0,0,,D,,,,,,,,0,0,0,0,,,0,,,,,,0,,,,,,,Disney-Generic;LOB - Disney+;Content Creator - The Wild;Content Type - Evergreen,,,Content Creator - The Wild
Wild Q1,,17/01/2024,Disney Family UK,https://www.instagram.com/disneyfamilyuk,29030,17841401604874505,https://app.emplifi.io/379720/content/feed/detail/eyJpZCI6IjE3OTY0NzgzNjU2NTYyMzc0IiwicHJvZmlsZUlkIjoiMTc4NDE0MDE2MDQ4NzQ1MDUiLCJuZXR3b3JrIjoiaW5zdGFncmFtIn0=/overview,17841408147388557,17964783656562374,post,reel,https://www.instagram.com/disneyfamilyuk,17841401604874505,Disney Family UK,Dropping the little one off at school be like... 👋😅⁣⁣Watch Cinderella on @disneyplusuk now ⁣⁣#DisneyCinderella #BackToSchool #ParentMeme #SchoolMeme,No,No,No,Yes,https://www.instagram.com/reel/C2MMaW0tnaK/,62,62,2.1357217,D,no sentiment,0,0,0,0,1,1,61,61,1,1,1,10,73,1061,1098,1098,0.0665,0.0688,61,1098,1098,,,,,Disney-Generic;LOB - Disney+;Content Creator - The Wild;Content Type - Evergreen,1,6.64845173,Content Creator - The Wild
Wild Q1,,20/01/2024,Disney Family UK,https://www.instagram.com/disneyfamilyuk,29043,17841401604874505,https://app.emplifi.io/379720/content/feed/detail/eyJpZCI6IjE3OTk3NzA0NDIwMjExOTY2IiwicHJvZmlsZUlkIjoiMTc4NDE0MDE2MDQ4NzQ1MDUiLCJuZXR3b3JrIjoiaW5zdGFncmFtIn0=/overview,17841408147388557,17997704420211966,post,reel,https://www.instagram.com/disneyfamilyuk,17841401604874505,Disney Family UK,It's National Cheese Lovers Day... naturally the perfect excuse for some cheesy #Ratatouille content 🧀🍓✨⁣⁣Indulge now on @DisneyPlusUK🐀,Yes,No,No,Yes,https://www.instagram.com/reel/C2VGVnntl-P/,95,95,3.2710119,C,no sentiment,1,1,0,0,0,0,94,94,1,1,3,4,102,1537,1521,1521,0.0671,0.0664,94,1521,1521,,,,,Disney-Generic;LOB - Disney+;Content Creator - The Wild;Content Type - Evergreen,1,6.706114398,Content Creator - The Wild
Wild Q1,,22/01/2024,Disney Family UK,https://www.instagram.com/disneyfamilyuk,29063,17841401604874505,https://app.emplifi.io/379720/content/feed/detail/eyJpZCI6IjE3ODQ0Mjg3NjQwMTUxNzgyIiwicHJvZmlsZUlkIjoiMTc4NDE0MDE2MDQ4NzQ1MDUiLCJuZXR3b3JrIjoiaW5zdGFncmFtIn0=/overview,,17844287640151782,post,photo,https://www.instagram.com/disneyfamilyuk,17841401604874505,Disney Family UK,"🚨✨ Calling all Disney and LEGO® fans! 🚨✨⁣⁣Join us for an exclusive event at the LEGO Store on 27th – 28th January, inspired by Wish! 🏰🧱⁣⁣Build the enchanting LEGO® Disney Asha’s Welcome Booth set and take your very own piece of the magic home! 🌟✨⁣For more details and to locate a participating store, check out the link in our bio. ⁣#LegoUK #Disney #LegoStoreUK #DisneyWish",No,No,No,Yes,https://www.instagram.com/p/C2aWx5xRlVT/,164,164,5.6429137,B,positive,4,0.36,0,0,7,0.64,152,152,12,12,,19,196,6058,6109,6109,0.0321,0.0324,152,,,,,,,Disney-Generic;Content Creator - The Wild,,3.208381077,Content Creator - The Wild
Wild Q1,DIY,22/01/2024,Disney Family UK,https://www.instagram.com/disneyfamilyuk,29059,17841401604874505,https://app.emplifi.io/379720/content/feed/detail/eyJpZCI6IjE4MDMwODkxOTE5Njg3Mjk0IiwicHJvZmlsZUlkIjoiMTc4NDE0MDE2MDQ4NzQ1MDUiLCJuZXR3b3JrIjoiaW5zdGFncmFtIn0=/overview,,18030891919687294,post,reel,https://www.instagram.com/disneyfamilyuk,17841401604874505,Disney Family UK,A marvellous Minnie craft to celebrate National Polka Dot Day! ❤️⁣⁣Add a sprinkle of Disney magic to your day with this adorable Minnie Planter DIY ✨🐭⁣⁣#DisneyDIY #MinnieMouse #PlanterDIY #DisneyFamilyUK,Yes,No,No,Yes,https://www.instagram.com/reel/C2ZEZUVN4NO/,49,49,1.6862246,D,no sentiment,2,0.67,0,0,1,0.33,46,46,3,3,0,9,58,1301,1308,1308,0.0443,0.0446,46,1308,1308,,,,,Content Type - Evergreen;Disney-Generic;LOB - Disney+;Content Creator - The Wild [DDIY];Content Creator - The Wild;Campaign - Polka Dot Day 2024,1,4.434250765,Content Creator - The Wild
Wild Q1,,23/01/2024,Disney Family UK,https://www.instagram.com/disneyfamilyuk,29087,17841401604874505,https://app.emplifi.io/379720/content/feed/detail/eyJpZCI6IjE4MDA5NDc1NTE3MTg1OTgwIiwicHJvZmlsZUlkIjoiMTc4NDE0MDE2MDQ4NzQ1MDUiLCJuZXR3b3JrIjoiaW5zdGFncmFtIn0=/overview,,18009475517185980,post,reel,https://www.instagram.com/disneyfamilyuk,17841401604874505,Disney Family UK,It’s been a long month 🥲⁣⁣#DisneySleepingBeauty #DisneyFamily #ParentMeme #RelatableParent,No,No,No,Yes,https://www.instagram.com/reel/C2ct2wdtjti/,92,92,3.162925,C,,,,,,,,92,92,0,0,1,5,98,2261,2191,2191,0.0447,0.0433,92,2191,2191,,,,,Disney-Generic;Content Creator - The Wild;Content Type - Evergreen,1,4.47284345,Content Creator - The Wild
Wild Q1,,28/01/2024,Disney Family UK,https://www.instagram.com/disneyfamilyuk,29162,17841401604874505,https://app.emplifi.io/379720/content/feed/detail/eyJpZCI6IjE4MDEzOTcxNjUzMTM3NzMyIiwicHJvZmlsZUlkIjoiMTc4NDE0MDE2MDQ4NzQ1MDUiLCJuZXR3b3JrIjoiaW5zdGFncmFtIn0=/overview,,18013971653137732,post,reel,https://www.instagram.com/disneyfamilyuk,17841401604874505,Disney Family UK,"How the little one expects you to react when they ask for a unicorn, 72 puppies and an invisibility cloak 😭 ⁣⁣#DisneyAladdin #Jafar #DisneyMeme",No,No,No,Yes,https://www.instagram.com/reel/C2o1wh2MgVo/,15,15,0.514368,D,,,,,,,,15,15,0,0,0,1,12,172,320,320,0.0375,0.0698,15,320,320,,,,,Disney-Generic;LOB - Disney+;Content Creator - The Wild;Content Type - Evergreen,1,3.75,Content Creator - The Wild
Wild Q1,,31/01/2024,Disney Family UK,https://www.instagram.com/disneyfamilyuk,29219,17841401604874505,https://app.emplifi.io/379720/content/feed/detail/eyJpZCI6IjE4MDAxODQxNzc3MTY5MDgyIiwicHJvZmlsZUlkIjoiMTc4NDE0MDE2MDQ4NzQ1MDUiLCJuZXR3b3JrIjoiaW5zdGFncmFtIn0=/overview,17841408147388557,18001841777169082,post,reel,https://www.instagram.com/disneyfamilyuk,17841401604874505,Disney Family UK,Nothing is more important than family 💗⁣⁣Watch Coco on @DisneyPlusUK 👦🏻🎸⁣⁣#Coco #Miguel #Hector #DisneyFamilyUK,No,No,No,Yes,https://www.instagram.com/reel/C2xclftxs_I/,59,59,2.0192341,D,no sentiment,1,0.5,1,0.5,0,0,57,57,2,2,0,4,63,901,894,894,0.0705,0.0699,57,894,894,,,,,Disney-Generic;LOB - Disney+;Content Creator - The Wild;Content Type - Evergreen,1,7.046979866,Content Creator - The Wild
Wild Q2,,06/02/2024,Disney Family UK,https://www.instagram.com/disneyfamilyuk,29245,17841401604874505,https://app.emplifi.io/379720/content/feed/detail/eyJpZCI6IjE3OTExODAxMjU2ODA1OTA1IiwicHJvZmlsZUlkIjoiMTc4NDE0MDE2MDQ4NzQ1MDUiLCJuZXR3b3JrIjoiaW5zdGFncmFtIn0=/overview,,17911801256805905,post,carousel,https://www.instagram.com/disneyfamilyuk,17841401604874505,Disney Family UK,It's Bolt's 15th Anniversary!⁣⁣Swipe through to see the journey from sketches to the big screen. 🐕⁣⁣Watch Bolt on Disney+ ⚡️,No,Yes,No,No,https://www.instagram.com/p/C2_6CuYRwGx/,26,26,0.8890409,B,,,,,,,,25,25,1,1,,,,,,,,,25,,,,,,,Disney-Generic;LOB - Disney+;Content Creator - The Wild;Content Type - Evergreen,,,Content Creator - The Wild
Wild Q2,,06/02/2024,Disney Family UK,https://www.instagram.com/disneyfamilyuk,29245,17841401604874505,https://app.emplifi.io/379720/content/feed/detail/eyJpZCI6IjE4MDAxNDc3MTc4NDU3ODk4IiwicHJvZmlsZUlkIjoiMTc4NDE0MDE2MDQ4NzQ1MDUiLCJuZXR3b3JrIjoiaW5zdGFncmFtIn0=/overview,,18001477178457898,post,carousel,https://www.instagram.com/disneyfamilyuk,17841401604874505,Disney Family UK,It's Bolt's 15th Anniversary!Swipe through to see the journey from sketches to the big screen. 🐕Watch Bolt on Disney+ ⚡,No,Yes,No,No,https://www.instagram.com/p/C3ACGWerDxa/,582,582,19.9008378,A,strongly positive,4,0.8,0,0,1,0.2,577,577,5,5,,52,653,14017,16442,16442,0.0397,0.0466,577,,,,,,,Disney-Generic;LOB - Disney+;Content Creator - The Wild;Content Type - Evergreen,,3.971536309,Content Creator - The Wild
Wild Q2,,08/02/2024,Disney Family UK,https://www.instagram.com/disneyfamilyuk,29290,17841401604874505,https://app.emplifi.io/379720/content/feed/detail/eyJpZCI6IjE3OTgxNzU4ODUwNjM4NDgzIiwicHJvZmlsZUlkIjoiMTc4NDE0MDE2MDQ4NzQ1MDUiLCJuZXR3b3JrIjoiaW5zdGFncmFtIn0=/overview,,17981758850638483,post,photo,https://www.instagram.com/disneyfamilyuk,17841401604874505,Disney Family UK,"Calling all Disneyland Paris fans!⁣⁣🌈✨ Starting 10th February, gather the fam for A Million Splashes of Colour, a vibrant Disney-Pixar daytime show! 🎬🎶 This lively spectacle, performed daily, explores classics and recent hits, guiding you and your family through the studios' rich storytelling history⁣⁣🎨 Art-inspired floats, brimming with Disney details, promise a delightful trip down memory lane. From giant paintbrushes to oversized paint pots, each float captures the essence of Disney Animation and Pixar, creating a magical experience for families⁣⁣🎵 Immerse your family in this celebration with original scores and iconic songs, from 'The Bare Necessities' to 'You’ve Got a Friend in Me.' Don't miss this enchanting experience that brings Disney Animation and Pixar magic to life! Enjoy until 30th September 2024 🌟⁣⁣#DisneySymphonyOfColours #ElectricalSkyParade #DisneyMagic #DisneylandParis #DisneyParksUK #DisneyUKNews",No,No,No,Yes,https://www.instagram.com/p/C3Fihw2Mbg8/,182,182,6.2137248,B,strongly positive,6,0.67,0,0,3,0.33,173,173,9,9,,10,201,4645,4749,4749,0.0423,0.0433,173,,,,,,,Disney-Generic;Content Creator - The Wild,,4.232469994,Content Creator - The Wild
Wild Q2,,10/02/2024,Disney Family UK,https://www.instagram.com/disneyfamilyuk,29374,17841401604874505,https://app.emplifi.io/379720/content/feed/detail/eyJpZCI6IjE3OTUwNDQ1Mzk5NzU2NzM2IiwicHJvZmlsZUlkIjoiMTc4NDE0MDE2MDQ4NzQ1MDUiLCJuZXR3b3JrIjoiaW5zdGFncmFtIn0=/overview,17841408147388557,17950445399756736,post,reel,https://www.instagram.com/disneyfamilyuk,17841401604874505,Disney Family UK,Happy Lunar New Year! We’re celebrating the Year of the Dragon 🐲🧧⁣⁣Raya and The Last Dragon is available on @DisneyPlusUK now 🐉⁣⁣#LunarNewYear #RayaAndTheLastDragon #Raya,No,No,No,Yes,https://www.instagram.com/reel/C3KGX4utPSX/,186,186,6.3321305,B,no sentiment,1,0.5,0,0,1,0.5,182,182,4,4,10,16,212,4165,4194,4194,0.0505,0.0509,182,5227,5227,,,,,Disney-Generic;LOB - Disney+;Content Creator - The Wild;Content Type - Evergreen,1.2463,5.054840248,Content Creator - The Wild
Wild Q2,,11/02/2024,Disney Family UK,https://www.instagram.com/disneyfamilyuk,29383,17841401604874505,https://app.emplifi.io/379720/content/feed/detail/eyJpZCI6IjE4MDIzNTQ4NzQxOTQyMzcyIiwicHJvZmlsZUlkIjoiMTc4NDE0MDE2MDQ4NzQ1MDUiLCJuZXR3b3JrIjoiaW5zdGFncmFtIn0=/overview,17841408147388557,18023548741942372,post,reel,https://www.instagram.com/disneyfamilyuk,17841401604874505,Disney Family UK,Adorable content incoming 🥺⁣⁣Hercules is available to watch now on @DisneyPlusUK ⚡️⁣⁣#Hercules #DisneyFamilyUK,No,No,No,Yes,https://www.instagram.com/reel/C3Nv1XKt0sF/,107,107,3.6415614,C,no sentiment,2,1,0,0,0,0,104,104,3,3,4,11,122,1885,1912,1912,0.0638,0.0647,104,2354,2354,,,,,Disney-Generic;LOB - Disney+;Content Creator - The Wild;Content Type - Evergreen,1.2312,6.380753138,Content Creator - The Wild
Wild Q2,,12/02/2024,Disney Family UK,https://www.instagram.com/disneyfamilyuk,29388,17841401604874505,https://app.emplifi.io/379720/content/feed/detail/eyJpZCI6IjE4MDA2OTUxMzkyNTE2NjMwIiwicHJvZmlsZUlkIjoiMTc4NDE0MDE2MDQ4NzQ1MDUiLCJuZXR3b3JrIjoiaW5zdGFncmFtIn0=/overview,,18006951392516630,post,reel,https://www.instagram.com/disneyfamilyuk,17841401604874505,Disney Family UK,"Some people are worth melting for, and some people are worth making cards for! ⁣⁣Help your little (or not so little) ones show their pals how much they mean to them with a sprinkle of Disney magic 🌟 ⁣⁣#ValentinesDay #DisneyDIY #HalfTermInspo #FamilyCrafts",Yes,No,No,Yes,https://www.instagram.com/reel/C3QbguLszI4/,41,41,1.3951273,D,,,,,,,,41,41,0,0,3,9,53,1422,1651,1651,0.0321,0.0373,41,1983,1983,,,,,Disney-Generic;LOB - Disney+;Content Creator - The Wild [DDIY];Content Creator - The Wild;Content Type - Evergreen,1.2011,3.210175651,Content Creator - The Wild
Wild Q2,,13/02/2024,Disney Family UK,https://www.instagram.com/disneyfamilyuk,29395,17841401604874505,https://app.emplifi.io/379720/content/feed/detail/eyJpZCI6IjE4MDUwMDcxMTM1NTY3NjE1IiwicHJvZmlsZUlkIjoiMTc4NDE0MDE2MDQ4NzQ1MDUiLCJuZXR3b3JrIjoiaW5zdGFncmFtIn0=/overview,,18050071135567615,post,reel,https://www.instagram.com/disneyfamilyuk,17841401604874505,Disney Family UK,Mickey pancakes > Regular pancakes 😍Celebrate #PancakeDay with this delicious recipe 🥞 #DisneyDIY #MickeyPancakes,Yes,No,No,Yes,https://www.instagram.com/reel/C3R1i-Eo978/,602,602,20.4796734,A,strongly positive,8,0.73,0,0,3,0.27,588,588,14,14,8,121,731,23540,24537,24537,0.0298,0.0311,588,31227,31227,,,,,Disney-Generic;LOB - Disney+;Content Creator - The Wild [DDIY];Content Creator - The Wild;Content Type - Evergreen,1.2726,2.979174308,Content Creator - The Wild
Wild Q2,,16/02/2024,Disney Family UK,https://www.instagram.com/disneyfamilyuk,,17841401604874505,https://app.emplifi.io/379720/content/feed/detail/eyJpZCI6IjE3OTQ4Njk2MDc4NzY2ODkyIiwicHJvZmlsZUlkIjoiMTc4NDE0MDE2MDQ4NzQ1MDUiLCJuZXR3b3JrIjoiaW5zdGFncmFtIn0=/overview,,17948696078766892,story,video,https://www.instagram.com/disneyfamilyuk,17841401604874505,Disney Family UK,,No,No,No,No,,,,,,,,,,,,,,,0,,,,0,362,365,365,0,0,,,,22,5,299,0.1068,Disney-Generic;Content Creator - The Wild,0,0,Content Creator - The Wild
Wild Q2,,16/02/2024,Disney Family UK,https://www.instagram.com/disneyfamilyuk,,17841401604874505,https://app.emplifi.io/379720/content/feed/detail/eyJpZCI6IjE4MDE2MjE0MzAzMzE4MDI1IiwicHJvZmlsZUlkIjoiMTc4NDE0MDE2MDQ4NzQ1MDUiLCJuZXR3b3JrIjoiaW5zdGFncmFtIn0=/overview,,18016214303318025,story,video,https://www.instagram.com/disneyfamilyuk,17841401604874505,Disney Family UK,,No,No,No,No,,,,,,,,,,,,,,,0,,,,0,316,318,318,0,0,,,,9,9,291,0.0283,Disney-Generic;Content Creator - The Wild,0,0,Content Creator - The Wild
Wild Q2,,16/02/2024,Disney Family UK,https://www.instagram.com/disneyfamilyuk,,17841401604874505,https://app.emplifi.io/379720/content/feed/detail/eyJpZCI6IjE4Mzk2NDU1MDUzMDcwNjc5IiwicHJvZmlsZUlkIjoiMTc4NDE0MDE2MDQ4NzQ1MDUiLCJuZXR3b3JrIjoiaW5zdGFncmFtIn0=/overview,,18396455053070679,story,video,https://www.instagram.com/disneyfamilyuk,17841401604874505,Disney Family UK,,No,No,No,No,,,,,,,,,,,,,,,0,,,,0,294,295,295,0,0,,,,7,4,283,0.0034,Disney-Generic;Content Creator - The Wild,0,0,Content Creator - The Wild
Wild Q2,,16/02/2024,Disney Family UK,https://www.instagram.com/disneyfamilyuk,,17841401604874505,https://app.emplifi.io/379720/content/feed/detail/eyJpZCI6IjE3ODcwMzEzNDgzMDE0OTExIiwicHJvZmlsZUlkIjoiMTc4NDE0MDE2MDQ4NzQ1MDUiLCJuZXR3b3JrIjoiaW5zdGFncmFtIn0=/overview,,17870313483014911,story,video,https://www.instagram.com/disneyfamilyuk,17841401604874505,Disney Family UK,,No,No,No,No,,,,,,,,,,,,,,,0,,,,0,288,289,289,0,0,,,,12,7,272,0,Disney-Generic;Content Creator - The Wild,0,0,Content Creator - The Wild
Wild Q2,,16/02/2024,Disney Family UK,https://www.instagram.com/disneyfamilyuk,,17841401604874505,https://app.emplifi.io/379720/content/feed/detail/eyJpZCI6IjE3ODYyOTYwMTM4MDc2MjQ5IiwicHJvZmlsZUlkIjoiMTc4NDE0MDE2MDQ4NzQ1MDUiLCJuZXR3b3JrIjoiaW5zdGFncmFtIn0=/overview,,17862960138076249,story,video,https://www.instagram.com/disneyfamilyuk,17841401604874505,Disney Family UK,,No,No,No,No,,,,,,,,,,,,,,,0,,,,0,273,276,276,0,0,,,,6,4,267,0,Disney-Generic;Content Creator - The Wild,0,0,Content Creator - The Wild
Wild Q2,,16/02/2024,Disney Family UK,https://www.instagram.com/disneyfamilyuk,,17841401604874505,https://app.emplifi.io/379720/content/feed/detail/eyJpZCI6IjE3OTk3Mzg4NjAxMjk1NjcwIiwicHJvZmlsZUlkIjoiMTc4NDE0MDE2MDQ4NzQ1MDUiLCJuZXR3b3JrIjoiaW5zdGFncmFtIn0=/overview,,17997388601295670,story,video,https://www.instagram.com/disneyfamilyuk,17841401604874505,Disney Family UK,,No,No,No,No,,,,,,,,,,,,,,,0,,,,0,268,270,270,0,0,,,,23,2,240,0.0185,Disney-Generic;Content Creator - The Wild,0,0,Content Creator - The Wild
Wild Q2,,16/02/2024,Disney Family UK,https://www.instagram.com/disneyfamilyuk,29404,17841401604874505,https://app.emplifi.io/379720/content/feed/detail/eyJpZCI6IjE3ODkyMzI0ODU3OTc3Njg5IiwicHJvZmlsZUlkIjoiMTc4NDE0MDE2MDQ4NzQ1MDUiLCJuZXR3b3JrIjoiaW5zdGFncmFtIn0=/overview,,17892324857977689,post,reel,https://www.instagram.com/disneyfamilyuk,17841401604874505,Disney Family UK,Looking for a fun craft this weekend? Keep your little explorer entertained with our Kevin sock puppet DIY!⁣⁣#Up #Kevin #DisneyDIY #DIYForKids #FamilyActivity,No,No,Yes,Yes,https://www.instagram.com/reel/C3a1jYaBgJq/,40,40,1.3603591,D,no sentiment,1,1,0,0,0,0,39,39,1,1,0,6,46,1115,1257,1257,0.0366,0.0413,39,1529,1529,,,,,Disney-Generic;Content Creator - The Wild [DDIY];Content Creator - The Wild;Content Type - Evergreen,1.2164,3.659506762,Content Creator - The Wild
Wild Q2,,17/02/2024,Disney Family UK,https://www.instagram.com/disneyfamilyuk,29405,17841401604874505,https://app.emplifi.io/379720/content/feed/detail/eyJpZCI6IjE4MDIwMzkzNDA3ODk2MzQ2IiwicHJvZmlsZUlkIjoiMTc4NDE0MDE2MDQ4NzQ1MDUiLCJuZXR3b3JrIjoiaW5zdGFncmFtIn0=/overview,17841408147388557,18020393407896346,post,carousel,https://www.instagram.com/disneyfamilyuk,17841401604874505,Disney Family UK,It’s Random Acts of Kindness Day! ☺️✨What’s the kindest thing someone has done for you? Enjoy these and more on @DisneyPlusUK 💛#RandomActsOfKindness #DisneyFamilyUK,Yes,No,Yes,Yes,https://www.instagram.com/p/C3cO1O5Itwg/,110,110,3.7408604,C,,,,,,,,110,110,0,0,,9,122,1897,2210,2210,0.0552,0.0643,110,982,,,,,,Disney-Generic;LOB - Disney+;Content Creator - The Wild;Content Type - Evergreen,0.4443,5.520361991,Content Creator - The Wild
Wild Q2,,18/02/2024,Disney Family UK,https://www.instagram.com/disneyfamilyuk,29411,17841401604874505,https://app.emplifi.io/379720/content/feed/detail/eyJpZCI6IjE4MDExMDg2NzU3MTg3MzExIiwicHJvZmlsZUlkIjoiMTc4NDE0MDE2MDQ4NzQ1MDUiLCJuZXR3b3JrIjoiaW5zdGFncmFtIn0=/overview,,18011086757187311,post,carousel,https://www.instagram.com/disneyfamilyuk,17841401604874505,Disney Family UK,Channeling our inner Rafiki 🐒 ⁣⁣Save this for when you need it most 💛⁣⁣#Rafiki #HakunaMatata #TheLionKing #DisneyQuotes #ParentMotivation,No,No,No,Yes,https://www.instagram.com/p/C3estv3tl6h/,106,106,3.6040937,C,no sentiment,1,1,0,0,0,0,105,105,1,1,,14,124,2338,2760,2760,0.0449,0.053,105,,,,,,,Disney-Generic;Content Creator - The Wild;Content Type - Evergreen,,4.492753623,Content Creator - The Wild
Wild Q2,,19/02/2024,Disney Family UK,https://www.instagram.com/disneyfamilyuk,29416,17841401604874505,https://app.emplifi.io/379720/content/feed/detail/eyJpZCI6IjE4MDEzMDcwNzI5MTgzMzQwIiwicHJvZmlsZUlkIjoiMTc4NDE0MDE2MDQ4NzQ1MDUiLCJuZXR3b3JrIjoiaW5zdGFncmFtIn0=/overview,,18013070729183340,post,reel,https://www.instagram.com/disneyfamilyuk,17841401604874505,Disney Family UK,Let your creativity bloom with our magical DIY Chia Trolls from Frozen! 🌱✨ (And be sure to show us the results 😉)⁣⁣#Trolls #DIY #DIYForKids #DisneyDIY #Frozen #FamilyActivity,No,No,No,Yes,https://www.instagram.com/reel/C3hKqKsvQ6T/,35,35,1.1898287,D,no sentiment,1,1,0,0,0,0,34,34,1,1,0,7,42,1545,1715,1715,0.0245,0.0272,34,2078,2078,,,,,Disney-Generic;Content Creator - The Wild [DDIY];Content Creator - The Wild;Content Type - Evergreen,1.2117,2.448979592,Content Creator - The Wild
Wild Q2,,20/02/2024,Disney Family UK,https://www.instagram.com/disneyfamilyuk,29417,17841401604874505,https://app.emplifi.io/379720/content/feed/detail/eyJpZCI6IjE4MDAzOTkwOTA1Mzc4MjQ0IiwicHJvZmlsZUlkIjoiMTc4NDE0MDE2MDQ4NzQ1MDUiLCJuZXR3b3JrIjoiaW5zdGFncmFtIn0=/overview,17841408147388557,18003990905378244,post,reel,https://www.instagram.com/disneyfamilyuk,17841401604874505,Disney Family UK,"What are your secrets for getting your little monsters to bed? 🙏⁣⁣Watch Monsters, Inc. on @DisneyPlusUK! ⁣⁣#MonstersInc #Boo #BackToSchool #DisneyFamilyUK",No,No,Yes,Yes,https://www.instagram.com/reel/C3lB10DNApI/,54,54,1.8357357,D,no sentiment,1,1,0,0,0,0,53,53,1,1,1,4,59,1384,1400,1400,0.0421,0.0426,53,1737,1737,,,,,Disney-Generic;LOB - Disney+;Content Creator - The Wild;Content Type - Evergreen,1.2407,4.214285714,Content Creator - The Wild
Wild Q2,,23/02/2024,Disney Family UK,https://www.instagram.com/disneyfamilyuk,29403,17841401604874505,https://app.emplifi.io/379720/content/feed/detail/eyJpZCI6IjE3OTE5OTM3MjM1ODUyODg1IiwicHJvZmlsZUlkIjoiMTc4NDE0MDE2MDQ4NzQ1MDUiLCJuZXR3b3JrIjoiaW5zdGFncmFtIn0=/overview,17841408147388557,17919937235852885,post,reel,https://www.instagram.com/disneyfamilyuk,17841401604874505,Disney Family UK,Cruisin' into the weekend with a little pep talk from Sally 🏎️💨✨ ⁣⁣Watch Cars now on @DisneyPlusUK!⁣⁣#Cars #LightningMcqueen #SallyCarrera,No,No,No,Yes,https://www.instagram.com/reel/C3swPParW6B/,43,43,1.4624358,D,,,,,,,,43,43,0,0,0,5,48,918,912,912,0.0526,0.0523,43,1127,1127,,,,,Disney-Generic;LOB - Disney+;Content Creator - The Wild;Content Type - Evergreen,1.2357,5.263157895,Content Creator - The Wild
Wild Q2,,25/02/2024,Disney Family UK,https://www.instagram.com/disneyfamilyuk,29396,17841401604874505,https://app.emplifi.io/379720/content/feed/detail/eyJpZCI6IjE3ODY5NDk4MTEzMDY2NDc4IiwicHJvZmlsZUlkIjoiMTc4NDE0MDE2MDQ4NzQ1MDUiLCJuZXR3b3JrIjoiaW5zdGFncmFtIn0=/overview,,17869498113066478,post,reel,https://www.instagram.com/disneyfamilyuk,17841401604874505,Disney Family UK,They grow up so fast 🥹⁣,No,No,No,No,https://www.instagram.com/reel/C3yA0SFrdop/,111,111,3.7760239,B,no sentiment,2,1,0,0,0,0,109,109,2,2,2,12,125,1784,1794,1794,0.0697,0.0701,109,2208,2208,,,,,Disney-Generic;Content Creator - The Wild;Content Type - Evergreen,1.2308,6.967670011,Content Creator - The Wild
Wild Q2,,26/02/2024,Disney Family UK,https://www.instagram.com/disneyfamilyuk,29401,17841401604874505,https://app.emplifi.io/379720/content/feed/detail/eyJpZCI6IjE4MDQyNTg2MDA5NjQyMzUzIiwicHJvZmlsZUlkIjoiMTc4NDE0MDE2MDQ4NzQ1MDUiLCJuZXR3b3JrIjoiaW5zdGFncmFtIn0=/overview,,18042586009642353,post,reel,https://www.instagram.com/disneyfamilyuk,17841401604874505,Disney Family UK,The cutest thing you'll see today! 😍🥰⁣⁣📹: @/shelleydoll on TikTok⁣⁣#DisneylandParis #Pinocchio #DisneyFamilyUK,No,No,No,Yes,https://www.instagram.com/reel/C30enA8NejI/,128,128,4.3537415,B,no sentiment,1,1,0,0,0,0,127,127,1,1,1,2,131,2946,3030,3030,0.0432,0.0445,127,4052,4052,,,,,Disney-Generic;Content Creator - The Wild;Content Type - Evergreen;UGC - The Wild,1.3373,4.323432343,Content Creator - The Wild
Wild Q2,,29/02/2024,Disney Family UK,https://www.instagram.com/disneyfamilyuk,29604,17841401604874505,https://app.emplifi.io/379720/content/feed/detail/eyJpZCI6IjE4MTE3NjAxMDc4MzQ3NTkzIiwicHJvZmlsZUlkIjoiMTc4NDE0MDE2MDQ4NzQ1MDUiLCJuZXR3b3JrIjoiaW5zdGFncmFtIn0=/overview,17841408147388557,18117601078347593,post,reel,https://www.instagram.com/disneyfamilyuk,17841401604874505,Disney Family UK,Well… Since you asked so nicely 😅⁣⁣The Lion King is available on @disneyplusuk now! 🦁⁣⁣#TheLionKing #Simba #Nala #DisneyFamilyUK,No,No,No,Yes,https://www.instagram.com/reel/C38T3bZPHBL/,71,71,2.3983246,C,no sentiment,3,1,0,0,0,0,68,68,3,3,0,10,81,1284,1335,1335,0.0607,0.0631,68,1877,1877,,,,,Disney-Generic;LOB - Disney+;Content Creator - The Wild;Content Type - Evergreen,1.406,6.06741573,Content Creator - The Wild
Wild Q2,,03/03/2024,Disney Family UK,https://www.instagram.com/disneyfamilyuk,29751,17841401604874505,https://app.emplifi.io/379720/content/feed/detail/eyJpZCI6IjE3ODU1MDkyOTQxMTMyNjcxIiwicHJvZmlsZUlkIjoiMTc4NDE0MDE2MDQ4NzQ1MDUiLCJuZXR3b3JrIjoiaW5zdGFncmFtIn0=/overview,,17855092941132671,post,reel,https://www.instagram.com/disneyfamilyuk,17841401604874505,Disney Family UK,Little ones 🤝 deciding they don't like something before they even try it 🙄⁣⁣#Brave #Merida #PickyEaters #ParentingMeme #DisneyFamilyUK,No,No,No,Yes,https://www.instagram.com/reel/C4D0izvIzyd/,63,63,2.1175759,D,no sentiment,2,1,0,0,0,0,61,61,2,2,0,3,66,1335,1331,1331,0.0496,0.0494,61,1745,1745,,,,,Disney-Generic;LOB - Disney+;Content Creator - The Wild;Content Type - Evergreen,1.311,4.958677686,Content Creator - The Wild
Wild Q2,,07/03/2024,Disney Family UK,https://www.instagram.com/disneyfamilyuk,29815,17841401604874505,https://app.emplifi.io/379720/content/feed/detail/eyJpZCI6IjE3OTQyNzg4MTUxNjg2MjU0IiwicHJvZmlsZUlkIjoiMTc4NDE0MDE2MDQ4NzQ1MDUiLCJuZXR3b3JrIjoiaW5zdGFncmFtIn0=/overview,,17942788151686254,post,carousel,https://www.instagram.com/disneyfamilyuk,17841401604874505,Disney Family UK,Happy World Book Day! 📖⁣⁣Who's your little reader dressed up as today?⁣⁣#WorldBookDay #Bookstagrammer #Disney #Parenting,Yes,No,Yes,Yes,https://www.instagram.com/p/C4NWZXdR0Zt/,166,166,5.5676673,B,,,,,,,,166,166,0,0,,23,204,2379,2785,2785,0.0732,0.0858,166,,,,,,,Disney-Generic;LOB - Disney+;Content Creator - The Wild;Content Type - Evergreen,,7.324955117,Content Creator - The Wild
Wild Q2,,09/03/2024,Disney Family UK,https://www.instagram.com/disneyfamilyuk,29866,17841401604874505,https://app.emplifi.io/379720/content/feed/detail/eyJpZCI6IjE3ODU1ODUwMzcyMTMyOTIwIiwicHJvZmlsZUlkIjoiMTc4NDE0MDE2MDQ4NzQ1MDUiLCJuZXR3b3JrIjoiaW5zdGFncmFtIn0=/overview,,17855850372132920,post,reel,https://www.instagram.com/disneyfamilyuk,17841401604874505,Disney Family UK,A moment of self-care or a last minute mother's day gift? We've got you 🤝⁣⁣#DisneyDIY #DisneyLifestyle #DisneyAddict #DisneyPrincess #DisneyMagic #MothersDayGift #MothersDayGiftIdeas #SelfCareSaturday #SelfCarePosts #BathBombs,Yes,No,Yes,Yes,https://www.instagram.com/reel/C4SFxsgLHx6/,37,37,1.2388669,D,,,,,,,,37,37,0,0,0,5,42,1472,1575,1575,0.0267,0.0285,37,1959,1959,,,,,Content Type - Activities (Craft);Content Type - Evergreen;Disney-Generic;LOB - Disney+;Content Creator - The Wild [DDIY];Content Creator - The Wild,1.2438,2.666666667,Content Creator - The Wild
Wild Q2,,19/03/2024,Disney Family UK,https://www.instagram.com/disneyfamilyuk,29968,17841401604874505,https://app.emplifi.io/379720/content/feed/detail/eyJpZCI6IjE4MDM3NTEzMjkxODM1MzYxIiwicHJvZmlsZUlkIjoiMTc4NDE0MDE2MDQ4NzQ1MDUiLCJuZXR3b3JrIjoiaW5zdGFncmFtIn0=/overview,,18037513291835361,post,reel,https://www.instagram.com/disneyfamilyuk,17841401604874505,Disney Family UK,"All it takes is faith, trust, and a little bit of pixie dust 🧚 ⁣⁣📹: @/versacevibez⁣ on TikTok⁣#DisneylandAnaheim #Tinkerbell #DisneyFamilyUK",No,No,No,Yes,https://www.instagram.com/reel/C4r1syyt77o/,580,580,19.3539776,A,strongly positive,7,1,0,0,0,0,573,573,7,7,4,17,601,9163,9169,9169,0.0655,0.0656,573,12896,12896,,,,,Disney-Generic;Content Creator - The Wild;Content Type - Evergreen;UGC - The Wild,1.4065,6.554695169,Content Creator - The Wild
Wild Q2,,21/03/2024,Disney Family UK,https://www.instagram.com/disneyfamilyuk,30066,17841401604874505,https://app.emplifi.io/379720/content/feed/detail/eyJpZCI6IjE4MDQwOTMxMTcwNjg1MDg3IiwicHJvZmlsZUlkIjoiMTc4NDE0MDE2MDQ4NzQ1MDUiLCJuZXR3b3JrIjoiaW5zdGFncmFtIn0=/overview,,18040931170685087,post,reel,https://www.instagram.com/disneyfamilyuk,17841401604874505,Disney Family UK,A costume that's out of this world 🤩🤖⁣⁣Saving this for the next time the little one needs fancy dress! ⁣⁣📹: @typicallytaryn⁣⁣#WorldBookDay #WallE #DisneyFamilyUK,Yes,No,No,Yes,https://www.instagram.com/reel/C4yRsmIiAMt/,76,76,2.5277722,C,strongly positive,7,0.88,0,0,1,0.13,68,68,8,8,3,0,79,1632,1661,1661,0.0476,0.0484,68,2260,2260,,,,,Disney-Generic;Content Creator - The Wild;Content Type - Evergreen;UGC - The Wild,1.3606,4.756170981,Content Creator - The Wild
Wild Q2,,29/03/2024,Disney Family UK,https://www.instagram.com/disneyfamilyuk,30423,17841401604874505,https://app.emplifi.io/379720/content/feed/detail/eyJpZCI6IjE4MDI0MDQ5MTY2MDM5Nzg4IiwicHJvZmlsZUlkIjoiMTc4NDE0MDE2MDQ4NzQ1MDUiLCJuZXR3b3JrIjoiaW5zdGFncmFtIn0=/overview,,18024049166039788,post,reel,https://www.instagram.com/disneyfamilyuk,17841401604874505,Disney Family UK,Did somebody say lie in? 😩 ⁣⁣#Cinderella #Easter #BankHoliday #LongWeekend,No,No,Yes,Yes,https://www.instagram.com/reel/C5FlpoCtjdF/,227,227,7.4617053,A,no sentiment,0,0,0,0,2,1,225,225,2,2,46,15,288,12326,11991,11991,0.024,0.0234,225,13776,13776,,,,,Disney-Generic;LOB - Disney+;Content Creator - The Wild,1.1489,2.401801351,Content Creator - The Wild
Wild Q2,,30/03/2024,Disney Family UK,https://www.instagram.com/disneyfamilyuk,30459,17841401604874505,https://app.emplifi.io/379720/content/feed/detail/eyJpZCI6IjE4MDIxMjkwMDg5OTI1NTc4IiwicHJvZmlsZUlkIjoiMTc4NDE0MDE2MDQ4NzQ1MDUiLCJuZXR3b3JrIjoiaW5zdGFncmFtIn0=/overview,,18021290089925578,post,reel,https://www.instagram.com/disneyfamilyuk,17841401604874505,Disney Family UK,Shout out to all the Easter bunnies who don't have enough hours in their day already!⁣⁣🕰️ This is your timely reminder to put your clocks forward tonight! 🕰️⁣⁣#ClockChange #BritishSummerTime,No,No,No,Yes,https://www.instagram.com/reel/C5IzpF8xUxd/,125,125,4.1038773,B,no sentiment,1,1,0,0,0,0,124,124,1,1,27,27,179,6452,6386,6386,0.028,0.0277,124,7542,7542,,,,,Disney-Generic;LOB - Disney+;Content Creator - The Wild,1.181,2.803006577,Content Creator - The Wild
Wild Q2,,31/03/2024,Disney Family UK,https://www.instagram.com/disneyfamilyuk,30471,17841401604874505,https://app.emplifi.io/379720/content/feed/detail/eyJpZCI6IjE3OTc2MjUyNTI3Njg4NzQ0IiwicHJvZmlsZUlkIjoiMTc4NDE0MDE2MDQ4NzQ1MDUiLCJuZXR3b3JrIjoiaW5zdGFncmFtIn0=/overview,17841408147388557,17976252527688744,post,reel,https://www.instagram.com/disneyfamilyuk,17841401604874505,Disney Family UK,Who's doing an easter egg hunt? 🙋⁣⁣Hop on over to @disneyplusuk to watch Winnie the Pooh: Springtime with Roo 🌷⁣⁣#Easter #WinnieThePooh #SpringtimeWithRoo #EasterEggHunt,No,No,Yes,Yes,https://www.instagram.com/reel/C5LU_75Ljzr/,176,176,5.7759837,B,no sentiment,1,0.5,0,0,1,0.5,174,174,2,2,9,17,202,1977,1932,1932,0.1046,0.1022,174,2652,2652,,,,,Disney-Generic;LOB - Disney+;Content Creator - The Wild,1.3727,10.45548654,Content Creator - The Wild
Wild Q2,,07/04/2024,Disney Family UK,https://www.instagram.com/disneyfamilyuk,30510,17841401604874505,https://app.emplifi.io/379720/content/feed/detail/eyJpZCI6IjE3OTk0ODEzMjg0MzU5NDg1IiwicHJvZmlsZUlkIjoiMTc4NDE0MDE2MDQ4NzQ1MDUiLCJuZXR3b3JrIjoiaW5zdGFncmFtIn0=/overview,17841408147388557,17994813284359485,post,reel,https://www.instagram.com/disneyfamilyuk,17841401604874505,Disney Family UK,"Have you seen this Pixar short, Float? 💓⁣⁣'Float' over to @DisneyPlusUK to check it out ✨⁣⁣#Pixar #Disney #DisneyFamilyUK",No,No,Yes,Yes,https://www.instagram.com/reel/C5cwz_aIcvh/,76,76,2.4909866,C,,,,,,,,76,76,0,0,7,3,87,4848,5332,5332,0.0163,0.0179,76,6272,6272,,,,,Disney-Generic;LOB - Disney+;Content Creator - The Wild;Content Type - Evergreen,1.1763,1.631657914,Content Creator - The Wild
Wild Q2,,09/04/2024,Disney Family UK,https://www.instagram.com/disneyfamilyuk,30508,17841401604874505,https://app.emplifi.io/379720/content/feed/detail/eyJpZCI6IjE3OTQyNDM5MzgwNjk2NjM3IiwicHJvZmlsZUlkIjoiMTc4NDE0MDE2MDQ4NzQ1MDUiLCJuZXR3b3JrIjoiaW5zdGFncmFtIn0=/overview,,17942439380696637,post,carousel,https://www.instagram.com/disneyfamilyuk,17841401604874505,Disney Family UK,Do you still have another week of Easter Holidays to fill? ⁣⁣We've got the ultimate guide on fun activities you can do together! ✨🐰⁣⁣#KidsActivities #DisneyFamily #FamilyActivities,No,No,Yes,Yes,https://www.instagram.com/p/C5jGeycRx3Z/,44,44,1.4422447,D,,,,,,,,44,44,0,0,,5,51,1021,1177,1177,0.0433,0.05,44,,,,,,,Disney-Generic;LOB - Disney+;Content Creator - The Wild;Content Type - Evergreen,,4.333050127,Content Creator - The Wild
Wild Q2,,10/04/2024,Disney Family UK,https://www.instagram.com/disneyfamilyuk,30511,17841401604874505,https://app.emplifi.io/379720/content/feed/detail/eyJpZCI6IjE4MDcxMzI3NDE5NDk1MTkyIiwicHJvZmlsZUlkIjoiMTc4NDE0MDE2MDQ4NzQ1MDUiLCJuZXR3b3JrIjoiaW5zdGFncmFtIn0=/overview,,18071327419495192,post,carousel,https://www.instagram.com/disneyfamilyuk,17841401604874505,Disney Family UK,Happy National Sibling Day! 💙⁣⁣Are you more Anna and Elsa or Dash and Violet? 👇⁣⁣#DisneySiblings #WhichDisneySiblingAreYou,Yes,No,Yes,Yes,https://www.instagram.com/p/C5kw4cgxQBs/,243,243,7.9643407,A,no sentiment,2,1,0,0,0,0,241,241,2,2,,32,298,7357,7478,7478,0.0399,0.0405,241,,,,,,,Disney-Generic;LOB - Disney+;Content Creator - The Wild;Content Type - Evergreen,,3.985022733,Content Creator - The Wild
Wild Q2,,20/04/2024,Disney Family UK,https://www.instagram.com/disneyfamilyuk,30551,17841401604874505,https://app.emplifi.io/379720/content/feed/detail/eyJpZCI6IjE4MDIyMDA1MDQwOTcwNjc5IiwicHJvZmlsZUlkIjoiMTc4NDE0MDE2MDQ4NzQ1MDUiLCJuZXR3b3JrIjoiaW5zdGFncmFtIn0=/overview,,18022005040970679,post,reel,https://www.instagram.com/disneyfamilyuk,17841401604874505,Disney Family UK,"Add some magic to your next movie night, with this easy to make (and totally adorable!) Star popcorn holder, inspired by Wish 🌟🍿⁣⁣#Wish #DisneyDIY",No,No,No,Yes,https://www.instagram.com/reel/C5-IXL8xj-k/,115,115,3.7641976,B,strongly positive,10,1,0,0,0,0,103,103,12,12,5,11,131,14615,14480,14480,0.009,0.009,103,15846,15846,,,,,Disney-Generic;Content Creator - The Wild [DDIY];Content Type - Activities (Craft);Content Creator - The Wild;Content Type - Evergreen,1.0943,0.904696133,Content Creator - The Wild
Wild Q2,,24/04/2024,Disney Family UK,https://www.instagram.com/disneyfamilyuk,30571,17841401604874505,https://app.emplifi.io/379720/content/feed/detail/eyJpZCI6IjE3ODQ5NTU2NzMyMTkwODk5IiwicHJvZmlsZUlkIjoiMTc4NDE0MDE2MDQ4NzQ1MDUiLCJuZXR3b3JrIjoiaW5zdGFncmFtIn0=/overview,,17849556732190899,post,reel,https://www.instagram.com/disneyfamilyuk,17841401604874505,Disney Family UK,Every time 🥲,No,No,No,No,https://www.instagram.com/reel/C6Jm_7KhxiY/,57,57,1.8645121,D,,,,,,,,57,57,0,0,2,11,70,1450,1484,1484,0.0472,0.0483,57,1877,1877,,,,,Disney-Generic;LOB - Disney+;Content Creator - The Wild;Content Type - Evergreen,1.2648,4.716981132,Content Creator - The Wild
Wild Q2,,26/04/2024,Disney Family UK,https://www.instagram.com/disneyfamilyuk,30597,17841401604874505,https://app.emplifi.io/379720/content/feed/detail/eyJpZCI6IjE4MDI5ODIxMTgzOTc5NDc2IiwicHJvZmlsZUlkIjoiMTc4NDE0MDE2MDQ4NzQ1MDUiLCJuZXR3b3JrIjoiaW5zdGFncmFtIn0=/overview,,18029821183979476,post,reel,https://www.instagram.com/disneyfamilyuk,17841401604874505,Disney Family UK,When you finally let your little one do it themselves 😭⁣,No,No,No,No,https://www.instagram.com/reel/C6Owkyfvtwq/,40,40,1.3073177,D,,,,,,,,40,40,0,0,1,3,44,781,776,776,0.0567,0.0563,40,1070,1070,,,,,Disney-Generic;LOB - Disney+;Content Creator - The Wild;Content Type - Evergreen,1.3789,5.670103093,Content Creator - The Wild